S.N,BUSINESS_DATE,SECURITY_ID,SYMBOL,SECURITY_NAME,OPEN_PRICE,HIGH_PRICE,LOW_PRICE,CLOSE_PRICE,TOTAL_TRADED_QUANTITY,TOTAL_TRADED_VALUE,PREVIOUS_DAY_CLOSE_PRICE,FIFTY_TWO_WEEKS_HIGH,FIFTY_TWO_WEEKS_LOW,LAST_UPDATED_TIME,LAST_UPDATED_PRICE,TOTAL_TRADES,AVERAGE_TRADED_PRICE,MARKET_CAPITALIZATION
1,2023-07-17,132,NIMB,Nepal Investment Mega Bank Limited,174.0000,185.9000,174.0000,184.0000,146645,26464862.7000,173.8000,278.4000,170.1000,2023-07-17T14:59:58.595261,184.0000,781,180.46,62796.61
2,2023-07-17,135,SBI,Nepal SBI Bank Limited,345.5000,352.0000,341.0000,351.9000,51672,18003135.5000,341.0000,378.4000,251.0000,2023-07-17T14:59:58.217247,351.9000,198,348.41,35614.49
3,2023-07-17,137,EBL,Everest Bank Limited,563.0000,581.5000,560.0000,581.5000,61987,35622103.2000,563.0000,596.7000,421.5000,2023-07-17T14:59:51.149651,581.5000,361,574.67,62209.42
4,2023-07-17,147,SHL,Soaltee Hotel Limited,488.0000,499.5000,479.0000,497.0000,157729,77332248.0000,485.0000,536.0000,191.8000,2023-07-17T14:59:54.949392,497.0000,497,490.28,43970.34
5,2023-07-17,149,OHL,Oriental Hotels Limited,790.0000,824.0000,783.1000,816.0000,35319,28578123.7000,799.0000,842.0000,413.8000,2023-07-17T14:59:30.771970,816.0000,215,809.14,9205.22
6,2023-07-17,153,BPCL,Butwal Power Company Limited,326.0000,334.0000,326.0000,333.0000,8079,2674443.0000,330.5000,377.0000,288.0000,2023-07-17T14:59:07.020637,333.0000,98,331.03,11352.19
7,2023-07-17,164,CBBL,Chhimek Laghubitta Bittiya Sanstha Limited,999.0000,1012.0000,981.0000,1006.0000,16925,16984141.8000,1000.0000,1303.0000,727.0000,2023-07-17T14:59:59.694362,1006.0000,307,1003.49,28524.14
8,2023-07-17,166,DDBL,Deprosc Laghubitta Bittiya Sanstha Limited,826.0000,841.0000,815.0000,836.1000,8920,7417128.1000,826.0000,1178.0000,606.7000,2023-07-17T14:59:24.684057,836.1000,124,831.51,12968.65
9,2023-07-17,171,SANIMA,Sanima Bank Limited,264.0000,275.0000,259.3000,275.0000,147938,39945794.4000,260.5000,280.0000,222.0000,2023-07-17T14:59:58.675746,275.0000,632,270.01,34265.32
10,2023-07-17,176,NICL,Nepal Insurance Co. Ltd.,810.1000,848.0000,810.1000,842.0000,22387,18658304.0000,820.0000,907.0000,385.1000,2023-07-17T14:59:57.996184,842.0000,185,833.44,12585.93
11,2023-07-17,178,NLICL,National Life Insurance Co. Ltd.,646.0000,665.0000,645.0000,664.0000,20507,13496216.1000,645.0000,705.0000,492.0000,2023-07-17T14:59:32.497762,664.0000,157,658.12,33277.47
12,2023-07-17,179,HEI,Himalayan Everest Insurance Limited,608.0000,625.0000,605.1000,620.0000,28992,17848914.1000,600.0000,635.0000,345.0000,2023-07-17T14:59:56.584900,620.0000,169,615.64,14269.52
13,2023-07-17,182,SPIL,Siddhartha Premier Insurance Limited,777.0000,795.0000,774.0000,795.0000,44388,34940459.2000,778.5000,817.0000,500.1000,2023-07-17T14:59:57.927194,795.0000,204,787.16,22312.07
14,2023-07-17,183,NIL,Neco Insurance Limited,892.0000,905.0000,892.0000,904.9000,8167,7372439.9000,891.1000,946.0000,660.0000,2023-07-17T14:59:35.806866,904.9000,97,902.71,18209.85
15,2023-07-17,184,PRIN,Prabhu Insurance Ltd.,743.2000,777.0000,743.0000,776.9000,38862,29756869.3000,747.0000,777.0000,378.0000,2023-07-17T14:59:20.435562,776.9000,291,765.70,10691.09
16,2023-07-17,185,SALICO,Sagarmatha Lumbini Insurance Co. Limited,760.0000,770.0000,741.0000,765.0000,20219,15425563.4000,748.0000,957.0000,551.4000,2023-07-17T14:59:54.206616,765.0000,103,762.92,20063.18
17,2023-07-17,186,IGI,IGI Prudential insurance Limited,559.1000,583.6000,559.0000,582.0000,88764,51176163.1000,560.0000,615.0000,335.0000,2023-07-17T14:59:48.515981,582.0000,425,576.54,17630.73
18,2023-07-17,192,SICL,Shikhar Insurance Co. Ltd.,842.0000,869.0000,842.0000,865.0000,16907,14505196.7000,845.0000,1010.0000,682.0000,2023-07-17T14:59:39.447759,865.0000,184,857.94,22965.29
19,2023-07-17,194,NFS,Nepal Finance Ltd.,358.0000,372.0000,347.6000,369.9000,53039,19334141.2000,351.0000,390.0000,238.0000,2023-07-17T14:59:39.907839,369.9000,351,364.52,3103.25
20,2023-07-17,204,GUFL,Gurkhas Finance Ltd.,554.0000,580.0000,554.0000,578.0000,23126,13261652.8000,560.0000,715.0000,454.0000,2023-07-17T14:59:59.695023,578.0000,196,573.45,5017.00
21,2023-07-17,219,UNL,Unilever Nepal Limited,32338.1000,33657.9000,32338.1000,33489.0000,338,11193556.0000,32998.0000,37838.0000,16556.7000,2023-07-17T14:58:34.730850,33489.0000,20,33117.02,30833.32
22,2023-07-17,236,PFL,Pokhara Finance Ltd.,391.0000,412.8000,391.0000,409.0000,16461,6738892.0000,398.0000,470.0000,307.0000,2023-07-17T14:59:54.187944,409.0000,105,409.38,4427.66
23,2023-07-17,245,CFCL,Central Finance Co. Ltd.,391.0000,410.0000,391.0000,406.5000,22573,9137120.2000,393.0000,423.0000,275.5000,2023-07-17T14:59:57.274918,406.5000,161,404.78,3857.18
24,2023-07-17,255,PRVU,Prabhu  Bank Limited,162.0000,170.0000,161.2000,169.0000,161071,26958781.2000,162.6000,234.9000,155.0000,2023-07-17T14:59:58.441345,169.0000,774,167.37,39786.81
25,2023-07-17,263,GMFIL,Guheshowori Merchant Bank & Finance Co. Ltd.,399.0000,421.9000,395.4000,421.0000,77056,31851828.1000,396.8000,424.0000,277.0000,2023-07-17T14:59:56.517858,421.0000,281,413.35,4261.26
26,2023-07-17,274,EDBL,Excel Development Bank Ltd.,331.9000,336.6000,324.0000,336.0000,22015,7304287.0000,325.4000,442.8000,266.4000,2023-07-17T14:59:18.503357,336.0000,106,331.78,4198.97
27,2023-07-17,348,CZBIL,Citizens Bank International Limited,176.0000,178.2000,172.5000,178.2000,97645,17152709.5000,173.1000,224.0000,165.0000,2023-07-17T14:59:58.034451,178.2000,284,175.66,25306.14
28,2023-07-17,357,PCBL,Prime Commercial Bank Ltd.,194.0000,200.5000,193.0000,199.9000,85478,16871871.4000,195.0000,271.9000,186.0000,2023-07-17T14:59:58.933947,199.9000,451,197.38,38785.75
29,2023-07-17,131,NABIL,Nabil Bank Limited,607.0000,612.0000,598.0000,611.0000,73868,44868342.9000,599.2000,930.0000,574.3000,2023-07-17T14:59:59.943641,611.0000,907,607.41,165318.26
30,2023-07-17,133,SCB,Standard Chartered Bank Limited,533.0000,547.0000,532.1000,546.0000,23601,12774592.1000,530.1000,572.0000,387.0000,2023-07-17T14:59:59.079620,546.0000,225,541.27,51484.82
31,2023-07-17,134,HBL,Himalayan Bank Limited,213.0000,219.0000,210.0000,217.0000,49453,10665468.8000,212.8000,369.3000,206.0000,2023-07-17T14:59:42.757723,217.0000,258,215.66,46994.86
32,2023-07-17,139,NICA,NIC Asia Bank Ltd.,798.0000,807.0000,789.0000,803.0000,55849,44687582.3000,793.8000,861.9000,600.3000,2023-07-17T14:59:46.407543,803.0000,423,800.15,92858.96
33,2023-07-17,140,MBL,Machhapuchhre Bank Limited,236.3000,244.0000,232.1000,241.2000,47648,11413948.5000,231.8000,268.0000,199.0000,2023-07-17T14:59:57.735445,241.2000,213,239.54,24740.26
34,2023-07-17,142,KBL,Kumari Bank Limited,165.0000,173.0000,164.0000,170.7000,221976,37601494.9000,165.0000,219.8000,155.0000,2023-07-17T14:59:59.585899,170.7000,725,169.39,44767.55
35,2023-07-17,145,SBL,Siddhartha Bank Limited,253.1000,267.0000,253.1000,266.0000,93155,24370138.4000,253.0000,348.0000,238.0000,2023-07-17T14:59:58.208113,266.0000,451,261.60,37479.35
36,2023-07-17,148,TRH,Taragaon Regency Hotel Limited,775.0000,815.9000,775.0000,813.0000,40658,32738442.8000,790.3000,890.5000,313.0000,2023-07-17T14:59:52.914447,813.0000,216,805.21,15338.50
37,2023-07-17,152,NHPC,National Hydro Power Company Limited,181.0000,181.5000,174.0000,179.0000,48939,8743853.5000,177.9000,297.8000,165.1000,2023-07-17T14:59:59.699416,179.0000,239,178.66,4296.00
38,2023-07-17,154,CHCL,Chilime Hydropower Company Limited,536.7000,546.0000,530.1000,543.0000,19305,10433964.3000,536.7000,594.0000,350.1000,2023-07-17T14:59:59.010908,543.0000,164,540.47,39411.91
39,2023-07-17,155,STC,Salt Trading Corporation,4990.0000,5005.0000,4900.0000,4975.0000,1286,6418262.0000,4899.0000,5250.0000,3350.0000,2023-07-17T14:58:13.342210,4975.0000,44,4990.87,13874.50
40,2023-07-17,156,BBC,Bishal Bazar Company Limited,3455.0000,3487.0000,3380.0000,3449.0000,380,1311649.0000,3430.0000,4075.0000,3050.0000,2023-07-17T14:59:45.475399,3449.0000,20,3451.70,1694.84
41,2023-07-17,163,NUBL,Nirdhan Utthan Laghubitta Bittiya Sanstha Limited,762.0000,778.0000,742.0000,776.0000,12930,9855453.3000,765.0000,1154.0000,512.1000,2023-07-17T14:59:37.864790,776.0000,141,762.21,20269.74
42,2023-07-17,172,NABBC,Narayani Development Bank Limited,422.2000,439.0000,414.0000,419.1000,1994,854287.8000,414.0000,513.7000,336.0000,2023-07-17T14:59:36.615577,419.1000,17,428.42,1100.00
43,2023-07-17,177,RBCL,Rastriya Beema Company Limited,16000.0000,16100.0000,15582.0000,16020.0000,1167,18616745.0000,16099.0000,17140.0000,12200.0000,2023-07-17T14:59:50.130860,16020.0000,78,15952.65,42715.17
44,2023-07-17,180,UAIL,United Ajod Insurance Limited,518.9000,538.4000,499.2000,538.4000,2554,1363372.3000,489.4900,538.4000,326.0000,2023-07-17T14:54:05.280930,538.4000,54,533.81,10254.19
45,2023-07-17,187,NLIC,Nepal Life Insurance Co. Ltd.,742.1000,763.9000,742.1000,763.0000,50533,38219818.2000,744.0000,836.4000,570.0000,2023-07-17T14:59:52.212244,763.0000,451,756.33,62626.79
46,2023-07-17,188,LICN,Life Insurance Corporation (Nepal) Limited,1527.0000,1630.0000,1527.0000,1599.0000,2870,4541058.0000,1555.0000,1800.0000,1183.0000,2023-07-17T14:52:39.758883,1599.0000,45,1582.25,42424.67
47,2023-07-17,210,CIT,Citizen Investment Trust,2085.0000,2121.9000,2080.0000,2118.0000,11591,24465746.4000,2089.0000,3072.0000,1780.0000,2023-07-17T14:59:59.627413,2118.0000,290,2110.75,112545.23
48,2023-07-17,213,BNT,Bottlers Nepal (Terai) Limited,13870.0000,14000.0000,13870.0000,14000.0000,40,556600.0000,13800.0000,14880.0000,11152.0000,2023-07-17T13:00:00.528605,14000.0000,4,13915.00,16940.00
49,2023-07-17,227,BFC,Best Finance Company Ltd.,348.0000,366.0000,348.0000,366.0000,21676,7846605.0000,353.0000,475.0000,287.0000,2023-07-17T14:59:54.547498,366.0000,152,361.99,3128.63
50,2023-07-17,232,GFCL,Goodwill Finance Limited,476.1000,508.0000,476.1000,508.0000,41296,20678284.5000,483.0000,634.0000,405.1000,2023-07-17T14:59:59.323723,508.0000,114,500.73,4806.27
51,2023-07-17,235,HDL,Himalayan Distillery Limited,2250.0000,2285.0000,2248.0000,2279.0000,18141,41297994.3000,2248.0000,4323.0000,1806.6000,2023-07-17T14:59:59.489561,2279.0000,431,2276.50,55369.82
52,2023-07-17,238,NMB,NMB Bank Limited,228.9000,236.0000,225.1000,234.0000,76129,17654854.3000,226.0000,277.0000,215.0000,2023-07-17T14:59:56.289370,234.0000,306,231.90,42978.09
53,2023-07-17,244,SIFC,Shree Investment Finance Co. Ltd.,382.0000,393.0000,377.5000,390.3000,20421,7894598.3000,375.0000,408.5000,273.1000,2023-07-17T14:59:59.654054,390.3000,153,386.59,3831.51
54,2023-07-17,250,JFL,Janaki Finance Company Limited,400.9000,421.0000,400.9000,420.0000,20857,8689513.6000,409.0000,527.0000,332.2000,2023-07-17T14:59:31.355318,420.0000,158,416.62,2899.99
55,2023-07-17,256,SFCL,Samriddhi Finance Company Limited,323.0000,338.9000,323.0000,334.0000,34471,11498854.7000,323.0000,375.0000,215.7000,2023-07-17T14:59:58.678046,334.0000,199,333.58,2735.16
56,2023-07-17,268,SWBBL,Swabalamban Laghubitta Bittiya Sanstha Limited,898.0000,898.0000,862.4000,885.0000,35663,31195608.4000,900.6000,1407.0000,686.1000,2023-07-17T14:59:59.692721,885.0000,276,874.73,11420.89
57,2023-07-17,360,AHPC,Arun Valley Hydropower Development Co. Ltd.,255.0000,262.0000,251.2000,259.0000,44045,11383148.9000,255.0000,408.0000,240.5000,2023-07-17T14:59:53.370516,259.0000,246,258.44,4838.02
58,2023-07-17,385,ALICL,Asian Life Insurance Co. Limited,760.0000,765.9000,746.0000,765.9000,39816,30293096.4000,745.1000,812.0000,428.0000,2023-07-17T14:59:47.769266,765.9000,214,760.82,24166.45
59,2023-07-17,393,HLI,Himalayan Life Insurance Limited,517.1000,517.1000,502.0000,516.0000,212261,108464899.6000,507.0000,574.0000,340.0000,2023-07-17T14:59:57.644948,516.0000,1331,510.99,41385.18
60,2023-07-17,396,NLBBL,Nerude Laghubitta Bittiya Sanstha Limited,693.9000,700.0000,675.0000,695.1000,6609,4572086.4000,688.0000,1100.0000,534.0000,2023-07-17T14:59:33.518234,695.1000,90,691.79,5088.13
61,2023-07-17,401,MLBL,Mahalaxmi Bikas Bank Ltd.,330.0000,346.0000,329.0000,345.0000,53465,18112034.0000,325.5000,446.0000,281.0000,2023-07-17T14:59:29.753334,345.0000,300,338.76,14391.05
62,2023-07-17,403,SJLIC,SuryaJyoti Life Insurance Company Limited,610.0000,625.0000,609.0000,622.0000,42837,26480422.1000,610.0000,646.0000,379.0000,2023-07-17T14:59:51.818834,622.0000,409,618.16,28273.46
63,2023-07-17,417,GBBL,Garima Bikas Bank Limited,407.0000,407.0000,391.0000,406.8000,68270,27341516.2000,405.0000,435.4000,330.0000,2023-07-17T14:59:59.969941,406.8000,558,400.49,21103.51
64,2023-07-17,428,KRBL,Karnali Development Bank Limited,286.0000,298.0000,280.5000,297.0000,20712,6051586.9000,282.0000,339.0000,206.0000,2023-07-17T14:59:54.389950,297.0000,96,292.17,1574.13
65,2023-07-17,450,CORBL,Corporate Development Bank Limited,357.0000,371.0000,343.0000,369.0000,24147,8621433.3000,350.0000,392.1000,243.2000,2023-07-17T14:59:59.226118,369.0000,147,357.03,1937.25
66,2023-07-17,459,KSBBL,Kamana Sewa Bikas Bank Limited,322.0000,345.0000,322.0000,345.0000,101357,34204071.9000,327.0000,424.0000,275.0000,2023-07-17T14:59:34.077381,345.0000,295,337.46,11320.02
67,2023-07-17,469,NIMBPO,Nepal Investment Mega Bank Ltd. Promoter Share,150.9000,154.9000,150.0000,154.9000,9821,1492407.6000,153.9000,242.5000,105.0000,2023-07-17T14:47:09.358269,154.9000,16,151.96,28358.38
68,2023-07-17,559,NLG,NLG Insurance Company Ltd.,840.0000,868.0000,840.0000,864.0000,18309,15742364.8000,840.0000,940.0000,438.0000,2023-07-17T14:59:40.431486,864.0000,115,859.81,12608.14
69,2023-07-17,561,SINDU,Sindhu Bikash Bank Ltd,284.0000,287.0000,273.5000,283.5000,11106,3127054.5000,279.0000,347.8000,227.7000,2023-07-17T14:59:57.068429,283.5000,72,281.56,1580.39
70,2023-07-17,583,GBLBS,Grameen Bikas Laghubitta Bittiya Sanstha Ltd.,645.6000,645.6000,610.0000,628.0000,9467,5880920.0000,633.0000,900.0000,427.0000,2023-07-17T14:59:56.515705,628.0000,149,621.20,6170.10
71,2023-07-17,587,RLFL,Reliance Finance Ltd.,379.0000,397.8000,378.0000,396.5000,51459,20121616.1000,385.9000,404.0000,268.0000,2023-07-17T14:59:50.527085,396.5000,245,391.02,4446.56
72,2023-07-17,591,SHPC,Sanima Mai Hydropower Ltd.,356.0000,370.0000,355.1000,366.9000,35510,12920706.1000,355.0000,403.0000,250.0000,2023-07-17T14:59:51.328370,366.9000,138,363.86,11334.46
73,2023-07-17,601,MLBBL,Mithila LaghuBitta Bittiya Sanstha Limited,1044.0000,1044.0000,982.0000,1025.0000,529,529851.6000,1044.0000,1415.0000,675.1000,2023-07-17T14:59:57.733201,1025.0000,23,1001.60,2009.03
74,2023-07-17,610,RIDI,Ridi Power Company Limited,247.7000,252.0000,243.0000,251.8000,23132,5777858.9000,243.0000,838.0000,234.4000,2023-07-17T14:59:51.331768,251.8000,212,249.77,3900.13
75,2023-07-17,618,LLBS,Laxmi Laghubitta Bittiya Sanstha Ltd.,893.0000,907.0000,875.2000,906.0000,538,481314.9000,893.0000,1506.0000,624.0000,2023-07-17T14:58:37.745303,906.0000,20,894.63,4001.46
76,2023-07-17,694,KLBSL,Kisan Lagubitta Bittiya Sanstha Limited,695.0000,710.0000,695.0000,710.0000,270,190619.1000,709.0000,1045.7000,539.0000,2023-07-17T14:10:06.102103,710.0000,12,705.99,3581.00
77,2023-07-17,697,API,Api Power Company Ltd.,200.0000,202.9000,197.5000,200.4000,93444,18734867.4000,197.0000,315.0000,192.0000,2023-07-17T14:59:59.072962,200.4000,371,200.49,11596.34
78,2023-07-17,700,HEIP,Himalayan Everest Insurance Limited Promoter,460.0000,469.2000,460.0000,469.2000,1011,472355.0000,460.0000,469.2000,214.2000,2023-07-17T11:07:59.713475,469.2000,4,467.21,1255.13
79,2023-07-17,704,NMBMF,NMB  Microfinance Bittiya Sanstha Ltd.,640.0000,660.0000,624.0000,660.0000,2638,1701846.9000,640.0000,910.0000,472.1000,2023-07-17T14:59:49.184625,660.0000,38,645.12,4761.57
80,2023-07-17,706,SWMF,Suryodaya Womi Laghubitta Bittiya Sanstha Limited,733.0000,762.0000,733.0000,762.0000,4890,3683835.0000,733.0000,1001.0000,539.1000,2023-07-17T14:59:55.230523,762.0000,64,753.34,6940.16
81,2023-07-17,1741,MERO,Mero Microfinance Bittiya Sanstha Ltd.,661.0000,689.0000,653.0000,686.0000,8159,5577406.4000,661.0000,990.0000,493.0000,2023-07-17T14:59:21.008205,686.0000,88,683.58,9055.20
82,2023-07-17,2742,HIDCL,Hydorelectricity Investment and Development Company Ltd,181.1000,190.0000,181.1000,188.1000,131978,24870767.3000,184.0000,245.0000,159.8000,2023-07-17T14:59:41.593793,188.1000,464,188.44,42841.28
83,2023-07-17,2743,NGPL,Ngadi Group Power Ltd.,238.5000,239.0000,233.0000,237.1000,36717,8686154.0000,233.9000,340.0000,185.2000,2023-07-17T14:59:50.473784,237.1000,232,236.57,4389.38
84,2023-07-17,2748,RSDC,RSDC Laghubitta Bittiya Sanstha Ltd.,602.1000,645.0000,602.1000,642.8000,23398,14655264.3000,613.1000,693.0000,450.0000,2023-07-17T14:59:46.000443,642.8000,184,626.34,5589.59
85,2023-07-17,273,ICFC,ICFC Finance Limited,535.5000,540.0000,520.0000,538.0000,26265,14047192.1000,525.0000,585.0000,391.0000,2023-07-17T14:59:57.584278,538.0000,277,534.82,6367.07
86,2023-07-17,307,NTC,Nepal Doorsanchar Company Limited,916.9000,920.0000,900.1000,918.0000,36302,33141391.5000,906.9000,1007.7000,758.0000,2023-07-17T14:59:59.586571,918.0000,392,912.93,165240.00
87,2023-07-17,338,PROFL,Progressive Finance Limited,400.8000,425.3000,400.8000,419.0000,56562,23708262.3000,408.9000,465.0000,233.0000,2023-07-17T14:59:56.285983,419.0000,334,419.15,3587.09
88,2023-07-17,341,GBIME,Global IME Bank Limited,185.5000,192.0000,184.5000,190.5000,112081,21195041.1000,186.0000,251.4000,176.0000,2023-07-17T14:59:44.915051,190.5000,645,189.10,68143.87
89,2023-07-17,358,LBBL,Lumbini Bikas Bank Ltd.,414.9000,435.0000,406.0000,434.0000,104134,44403613.9000,413.0000,450.0000,305.0000,2023-07-17T14:59:58.185482,434.0000,527,426.40,14681.44
90,2023-07-17,371,MDB,Miteri Development Bank Limited,408.0000,420.0000,403.0000,420.0000,4705,1946088.3000,404.1000,447.0000,344.0000,2023-07-17T14:59:47.963054,420.0000,46,413.62,4263.01
91,2023-07-17,397,ADBL,Agricultural Development Bank Limited,234.0000,240.7000,232.1000,240.0000,39477,9400800.3000,233.9000,355.8000,224.0000,2023-07-17T14:59:49.749824,240.0000,284,238.13,32284.02
92,2023-07-17,418,JBBL,Jyoti Bikas Bank Limited,300.0000,312.0000,295.1000,312.0000,68872,21068642.4000,298.0000,359.0000,249.1000,2023-07-17T14:59:36.622869,312.0000,343,305.91,13714.85
93,2023-07-17,471,MPFL,Multipurpose Finance Company  Limited,382.0000,413.0000,378.1000,409.0000,59528,23753846.0000,381.1000,414.0000,237.2000,2023-07-17T14:59:55.648573,409.0000,316,399.03,1848.68
94,2023-07-17,472,SADBL,Shangrila Development Bank Ltd.,325.0000,346.9000,324.0000,340.0000,123501,41455446.3000,322.0000,367.2000,263.5000,2023-07-17T14:59:55.651348,340.0000,259,335.66,11109.81
95,2023-07-17,473,SHINE,Shine Resunga Development Bank Ltd.,389.0000,410.0000,382.0000,410.0000,193427,77513672.3000,384.0000,410.0000,270.3000,2023-07-17T14:59:56.983254,410.0000,926,400.73,17563.92
96,2023-07-17,474,MNBBL,Muktinath Bikas Bank Ltd.,406.0000,422.0000,405.6000,419.0000,58139,24146170.0000,407.0000,505.1000,377.2000,2023-07-17T14:59:44.972041,419.0000,354,415.31,26903.57
97,2023-07-17,490,FMDBL,First Micro Finance Laghubitta Bittiya Sanstha Limited,744.0000,753.0000,732.0000,752.0000,30221,22511725.8000,736.3000,781.0000,497.2000,2023-07-17T14:59:57.581771,752.0000,180,744.90,8631.05
98,2023-07-17,516,MFIL,Manjushree Finance Ltd.,550.0000,572.0000,549.0000,571.0000,24932,14037708.5000,550.0000,587.0000,367.1000,2023-07-17T14:59:58.570709,571.0000,282,563.03,7717.37
99,2023-07-17,517,NBL,Nepal Bank Limited,250.0000,256.9000,248.6000,254.7000,67976,17247462.8000,249.0000,317.5000,240.0000,2023-07-17T14:59:37.850221,254.7000,400,253.72,37425.68
100,2023-07-17,545,SLBBL,Swarojgar Laghu Bitta Bikas Bank Ltd.,691.0000,720.0000,691.0000,720.0000,7365,5240331.9000,705.0000,1115.0000,523.0000,2023-07-17T14:58:43.117817,720.0000,66,711.51,4515.85
101,2023-07-17,593,KMCDB,Kalika Laghubitta Bittiya Sanstha Ltd,736.0000,742.9000,726.0000,732.1000,1247,911208.5000,736.0000,1210.0000,551.0000,2023-07-17T14:57:11.979623,732.1000,36,730.72,2725.77
102,2023-07-17,682,MMFDB,Mirmire Laghubitta Bittya Sanstha Limited,709.0000,734.4000,697.5000,728.0000,1422,1024894.5000,709.0000,1240.0000,550.0000,2023-07-17T14:59:57.685937,728.0000,37,720.74,4756.63
103,2023-07-17,686,BARUN,Barun Hydropower Co. Ltd.,253.9000,258.9000,247.0000,249.1000,14991,3767623.5000,249.0000,321.0000,190.3000,2023-07-17T14:59:50.453559,249.1000,108,251.32,1334.72
104,2023-07-17,693,CLBSL,Civil Laghubitta Bittiya Sanstha Ltd.,754.0000,790.0000,731.0000,790.0000,1427,1086157.7000,754.0000,1018.0000,524.9000,2023-07-17T14:59:35.128355,790.0000,42,761.14,2526.56
105,2023-07-17,695,JSLBB,Janautthan Samudayic Laghubitta Bittya Sanstha Limited,1020.0000,1048.9000,980.0000,1045.0000,870,886968.0000,1020.0000,2135.0000,833.1000,2023-07-17T14:59:31.442501,1045.0000,28,1019.50,1777.46
106,2023-07-17,705,GILB,Global IME Laghubitta Bittiya Sanstha Ltd.,1039.8000,1059.0000,961.0000,1054.9000,10661,10822348.6000,1061.0000,1475.0000,665.1000,2023-07-17T14:59:42.932627,1054.9000,158,1015.13,6528.78
107,2023-07-17,2744,GRDBL,Green Development Bank Ltd.,311.9000,330.0000,304.0000,320.0000,8929,2803715.8000,306.0000,330.0000,220.8000,2023-07-17T14:59:52.389313,320.0000,86,314.00,1660.80
108,2023-07-17,2752,NMBHF1,NMB Hybrid Fund L-1,10.6100,10.7900,10.6000,10.7900,37508,398165.0000,10.7900,12.2500,8.7900,2023-07-17T14:55:04.913025,10.7900,15,10.61,10790.00
109,2023-07-17,2757,AKPL,Arun Kabeli Power Ltd.,234.0000,236.8000,227.1000,231.9000,101395,23462282.1000,234.5000,519.0000,220.0000,2023-07-17T14:59:55.045356,231.9000,454,231.39,9464.91
110,2023-07-17,2761,SMATA,Samata Gharelu Laghubitta Bittiya Sanstha Limited,700.0000,715.0000,666.0000,708.0000,1709,1192655.1000,702.7000,963.0000,552.0000,2023-07-17T14:52:25.103394,708.0000,35,697.86,2790.62
111,2023-07-17,2766,CHL,Chhyangdi Hydropower Ltd.,260.0000,271.0000,260.0000,271.0000,3996,1062259.5000,264.0000,370.0000,193.1000,2023-07-17T14:51:19.032658,271.0000,46,265.83,1048.71
112,2023-07-17,2767,HPPL,Himalayan Power Partner Ltd.,284.0000,300.0000,284.0000,289.0000,11553,3361066.7000,285.9000,418.0000,217.6000,2023-07-17T14:57:48.574310,289.0000,83,290.92,3079.06
113,2023-07-17,2751,KKHC,Khanikhola Hydropower Co. Ltd.,207.6000,211.0000,199.0000,207.9000,6065,1239316.3000,203.6000,288.0000,163.8000,2023-07-17T14:59:36.873050,207.9000,40,204.33,968.22
114,2023-07-17,2753,NEF,Nabil Equity Fund,9.5400,9.7300,9.5400,9.7300,7914,76008.5600,9.6100,10.0800,7.7500,2023-07-17T14:01:32.242964,9.7300,5,9.60,1216.25
115,2023-07-17,2754,DHPL,Dibyashwori Hydropower Ltd.,182.0000,190.0000,181.5000,190.0000,4297,802614.8000,185.0000,262.0000,160.1000,2023-07-17T14:59:58.213614,190.0000,40,186.78,501.60
116,2023-07-17,2755,NIBLPF,NIBL Pragati Fund,9.5200,9.5200,9.2100,9.3700,41306,384137.6800,9.7100,10.4800,7.7800,2023-07-17T14:56:46.205853,9.3700,16,9.29,702.75
117,2023-07-17,2758,FOWAD,Forward Microfinance Laghubitta Bittiya Sanstha Limited,1311.0000,1382.0000,1305.0000,1370.0000,4339,5884021.6000,1321.0000,2950.0000,1071.2000,2023-07-17T14:59:36.606032,1370.0000,117,1356.07,14461.23
118,2023-07-17,2759,SPDL,Synergy Power Development Ltd.,250.0000,258.5000,250.0000,258.4000,16805,4268097.3000,250.1000,386.0000,234.0000,2023-07-17T14:59:55.679724,258.4000,98,253.97,2084.19
119,2023-07-17,2760,UMHL,United Modi Hydropower Ltd.,212.1000,218.0000,212.0000,217.4000,20994,4526744.5000,213.0000,334.0000,205.0000,2023-07-17T14:59:57.895479,217.4000,115,215.62,2675.11
120,2023-07-17,2765,LEMF,Laxmi Equity Fund,9.6300,9.6300,9.4900,9.6200,40235,383317.0000,9.5900,10.3000,7.2400,2023-07-17T14:56:34.105609,9.6200,8,9.52,1202.50
121,2023-07-17,2769,NHDL,Nepal Hydro Developers Ltd.,380.0000,384.4000,376.2000,384.4000,3190,1211624.4000,377.0000,432.0000,294.0000,2023-07-17T14:58:24.297441,384.4000,40,379.81,1291.30
122,2023-07-17,2770,SEF,Siddhartha Equity Fund,9.2500,9.3000,9.2500,9.3000,5500,50880.0000,9.4300,10.0800,7.6700,2023-07-17T14:26:50.059427,9.3000,4,9.25,1395.00
123,2023-07-17,2773,SAEF,Sanima Equity Fund,11.5800,11.6000,11.3700,11.4900,16325,187451.2500,11.8000,13.2000,9.4600,2023-07-17T14:59:53.562296,11.4900,9,11.48,1493.70
124,2023-07-17,2774,USLB,Unnati Sahakarya Laghubitta Bittiya Sanstha Limited,838.0000,852.0000,837.0000,852.0000,313,265801.0000,836.5000,1159.9000,659.0000,2023-07-17T14:18:17.806858,852.0000,4,849.20,1951.26
125,2023-07-17,2779,NICGF,NIC Asia Growth Fund,10.2700,10.2700,10.2000,10.2700,7800,79684.5200,10.2900,11.6900,8.5900,2023-07-17T14:57:53.506510,10.2700,7,10.21,857.75
126,2023-07-17,2780,CMF1,Citizens Mutual Fund -1,9.2000,9.2000,8.7300,9.0000,2200,19633.0000,9.3800,9.4000,6.7500,2023-07-17T14:49:38.518986,9.0000,7,8.92,738.00
127,2023-07-17,2781,WNLB,Wean Nepal Laghubitta Bittiya Sanstha Limited,800.0000,835.0000,800.0000,830.0000,271,222706.0000,805.0000,1157.8000,694.0000,2023-07-17T14:49:27.446405,830.0000,9,821.79,657.45
128,2023-07-17,2784,NADEP,Nadep Laghubittiya bittya Sanstha Ltd.,600.1000,627.0000,600.1000,627.0000,3120,1943341.3000,608.2000,883.1000,481.1000,2023-07-17T14:59:53.398147,627.0000,71,622.86,3045.72
129,2023-07-17,2786,PMHPL,Panchakanya Mai Hydropower Ltd,204.0000,208.0000,200.2000,204.0000,5737,1161519.3000,204.0000,288.2000,168.0000,2023-07-17T14:59:44.572193,204.0000,43,202.46,2244.00
130,2023-07-17,2787,KPCL,Kalika power Company Ltd,359.9000,369.2000,359.9000,367.9000,3572,1306441.7000,355.0000,439.3000,289.0000,2023-07-17T14:59:08.181503,367.9000,33,365.74,2919.29
131,2023-07-17,2790,ACLBSL,Aarambha Chautari Laghubitta Bittiya Sanstha Limited,647.0000,676.0000,647.0000,673.9000,2473,1642561.9000,647.0000,977.1000,530.0000,2023-07-17T14:59:58.481055,673.9000,66,664.19,2474.18
132,2023-07-17,2804,SLBSL,Samudayik Laghubitta Bittiya Sanstha Limited,950.0000,950.0000,927.0000,950.0000,258,241485.0000,949.0000,1650.0000,728.0000,2023-07-17T14:59:20.849803,950.0000,16,935.98,1379.40
133,2023-07-17,2807,ALBSL,Asha Laghubitta Bittiya Sanstha Ltd,790.0000,800.0000,786.0000,799.0000,1720,1370198.0000,785.0000,1392.0000,649.0000,2023-07-17T14:59:17.353078,799.0000,45,796.62,3049.11
134,2023-07-17,2809,SHIVM,SHIVAM CEMENTS LTD,652.0000,665.9000,644.0000,662.0000,226815,148619455.1000,651.5000,864.0000,389.8000,2023-07-17T14:59:59.502367,662.0000,1365,655.24,29128.00
135,2023-07-17,2810,UPCL,UNIVERSAL POWER COMPANY LTD,216.0000,227.0000,215.0000,225.0000,52527,11718765.1000,219.0000,295.0000,197.0000,2023-07-17T14:59:59.718890,225.0000,220,223.09,4725.79
136,2023-07-17,2824,HURJA,Himalaya Urja Bikas Company Limited,269.0000,283.9000,263.0000,274.0000,27770,7443943.2000,274.0000,443.4000,190.5000,2023-07-17T14:59:52.387186,274.0000,178,268.05,2712.60
137,2023-07-17,2829,SMFBS,Swabhimaan Laghubitta Bittiya Sanstha Limited,1150.0000,1173.0000,1127.0000,1173.0000,464,536098.0000,1150.0000,1862.0000,788.5000,2023-07-17T14:59:58.702921,1173.0000,16,1155.38,1714.21
138,2023-07-17,2835,NBF2,NABIL BALANCED FUND-2,8.8000,9.0900,8.8000,8.8800,27830,249502.2100,8.8000,10.9200,7.4500,2023-07-17T14:47:27.611222,8.8800,12,8.96,994.56
139,2023-07-17,2841,RHPL,RASUWAGADHI HYDROPOWER COMPANY LIMITED,295.0000,308.0000,295.0000,303.0000,9777,2983311.0000,300.0000,371.0000,210.0000,2023-07-17T14:59:55.762348,303.0000,131,305.13,18658.41
140,2023-07-17,2842,SJCL,SANJEN JALAVIDHYUT COMPANY LIMITED,296.0000,320.0000,293.0000,301.0000,12284,3714839.4000,296.9000,359.0000,210.0000,2023-07-17T14:59:48.630040,301.0000,107,302.41,9887.85
141,2023-07-17,2768,MSLB,Mahuli Laghubitta Bittiya Sanstha Limited,861.0000,897.0000,861.0000,880.0000,578,509809.5000,869.9000,1319.0000,658.6000,2023-07-17T14:58:17.063555,880.0000,24,882.02,2836.93
142,2023-07-17,2771,SMB,Support Microfinance Bittiya Sanstha Ltd.,956.0000,972.9000,956.0000,960.1000,245,237121.0000,955.8000,1546.0000,812.0000,2023-07-17T14:12:10.855448,960.1000,9,967.84,914.38
143,2023-07-17,2776,RADHI,Radhi Bidyut Company Ltd,234.0000,238.6000,230.0000,237.0000,18806,4440909.9000,234.0000,680.3000,195.3000,2023-07-17T14:59:57.655882,237.0000,129,236.14,3972.07
144,2023-07-17,2788,AKJCL,Ankhu Khola Jalvidhyut Company Ltd,190.2000,198.0000,190.2000,195.9000,12609,2472683.1000,192.5000,262.0000,159.8000,2023-07-17T14:59:41.595569,195.9000,91,196.10,1567.20
145,2023-07-17,2789,JOSHI,Joshi Hydropower Development Company Ltd,264.0000,270.3000,264.0000,268.0000,11151,2974579.2000,269.0000,318.0000,168.0000,2023-07-17T14:59:53.018817,268.0000,103,266.75,995.35
146,2023-07-17,2792,UPPER,Upper Tamakoshi Hydropower Ltd,425.0000,429.9000,421.1000,427.0000,26648,11363131.6000,426.8000,590.0000,354.0000,2023-07-17T14:59:41.382524,427.0000,290,426.41,45219.30
147,2023-07-17,2806,GHL,Ghalemdi Hydro Limited,218.0000,223.0000,217.6000,222.0000,15134,3350277.1000,222.0000,309.0000,164.2000,2023-07-17T14:59:39.473217,222.0000,101,221.37,1221.00
148,2023-07-17,2811,MHNL,Mountain Hydro Nepal Limited,235.1000,239.6000,234.0000,239.0000,10154,2409479.8000,238.0000,356.9000,212.0000,2023-07-17T14:59:59.952119,239.0000,76,237.29,2987.50
149,2023-07-17,2813,PPCL,Panchthar Power Compant Limited,268.0000,279.0000,266.0000,276.0000,14626,4033474.5000,269.0000,389.3000,252.0000,2023-07-17T14:59:48.204452,276.0000,82,275.77,2656.50
150,2023-07-17,2815,GMFBS,Ganapati Laghubitta Bittiya Sanstha Limited,820.0000,827.0000,799.0000,820.0000,368,300526.0000,810.9000,1165.0000,650.0000,2023-07-17T14:59:30.608751,820.0000,11,816.64,1242.75
151,2023-07-17,2826,GLBSL,Gurans Laghubitta Bittiya Sanstha Limited,752.7000,752.7000,738.0000,750.0000,474,353419.0000,738.0000,1191.0000,661.5000,2023-07-17T14:57:55.141558,750.0000,8,745.60,760.50
152,2023-07-17,2831,UNHPL,Union Hydropower Limited,199.9000,203.9000,197.0000,203.5000,21660,4330540.8000,196.0000,280.0000,166.6000,2023-07-17T14:59:23.033642,203.5000,102,199.93,1526.25
153,2023-07-17,2832,ILBS,Infinity Laghubitta Bittiya Sanstha Limited,701.0000,728.0000,701.0000,728.0000,2069,1477489.2000,715.0000,1113.8000,545.1000,2023-07-17T14:58:35.983248,728.0000,41,714.10,3621.19
154,2023-07-17,2859,SIGS2,Siddhartha Investment Growth Scheme - 2,8.8500,9.0100,8.7500,9.0100,41200,368861.0000,9.0300,10.1600,7.5600,2023-07-17T14:58:52.229528,9.0100,17,8.95,1081.20
155,2023-07-17,2863,NICBF,NIC Asia Balanced Fund,9.1700,9.3000,9.1700,9.3000,24600,228580.0000,9.3300,11.0500,8.0000,2023-07-17T13:59:37.180529,9.3000,8,9.29,702.15
156,2023-07-17,2877,SFMF,Sunrise First Mutual Fund,10.9100,11.1200,10.9100,11.0000,12700,140074.0000,11.0800,12.0500,8.5300,2023-07-17T14:55:14.776977,11.0000,10,11.02,946.00
157,2023-07-17,2880,HDHPC,Himal Dolakha Hydropower Company Limited,152.0000,156.0000,149.0000,155.0000,39357,6060928.9000,152.0000,280.3000,142.1000,2023-07-17T14:59:48.527742,155.0000,197,153.99,4340.00
158,2023-07-17,2885,KBLD86,10.25% KBL Debenture 2086,1084.4000,1084.4000,1062.8000,1062.8000,20,21472.0000,1106.5000,1106.5000,837.1000,2023-07-17T14:56:21.313916,1062.8000,2,1073.60,
159,2023-07-17,2887,NICLBSL,NIC ASIA Laghubitta Bittiya Sanstha Limited,714.8000,754.0000,714.8000,754.0000,5329,3945317.4000,729.0000,975.0000,516.0000,2023-07-17T14:57:58.581738,754.0000,143,740.34,13115.38
160,2023-07-17,2902,LUK,Laxmi Unnati Kosh,9.2400,9.5200,9.2400,9.4600,40183,374467.5200,9.3900,10.2500,7.5200,2023-07-17T13:47:50.535903,9.4600,10,9.31,617.38
161,2023-07-17,2907,SSHL,Shiva Shree Hydropower Ltd,184.0000,187.6000,179.0000,186.0000,56574,10404563.7000,182.6000,290.0000,155.1000,2023-07-17T14:59:58.460086,186.0000,201,183.91,2746.10
162,2023-07-17,2914,UMRH,United IDI Mardi RB Hydropower Limited.,430.7000,460.0000,430.7000,452.5000,2631,1177750.1000,434.1000,849.9000,390.0000,2023-07-17T14:59:58.456228,452.5000,39,447.64,1900.50
163,2023-07-17,2924,GLH,GreenLife Hydropower Limited,255.0000,263.0000,255.0000,263.0000,7501,1947355.0000,255.5000,377.0000,219.0000,2023-07-17T14:59:43.453080,263.0000,103,259.61,4734.00
164,2023-07-17,2925,MLBSL,Mahila Lagubitta Bittiya Sanstha Limited ,2058.1000,2100.0000,2055.0000,2096.0000,868,1809821.6000,2100.0000,4329.6000,1700.0000,2023-07-17T14:59:49.438565,2096.0000,50,2085.04,4560.11
165,2023-07-17,2931,NIBD84,8.5% Nepal Investment Bank Debenture 2084,847.7000,847.7000,830.8000,847.4000,40,33650.0000,865.0000,869.0000,753.4000,2023-07-17T14:57:55.202711,847.4000,3,841.25,
166,2023-07-17,2937,SBCF,Sunrise Bluechip Fund,8.0000,8.1400,7.8600,7.8600,2400,19194.0000,7.8500,9.6800,6.8500,2023-07-17T14:23:05.073733,7.8600,6,7.99,982.50
167,2023-07-17,4951,JBLB,Jeevan Bikas Laghubitta  Bittya Sanstha Ltd,1605.0000,1635.0000,1597.0000,1635.0000,3426,5552716.8000,1600.1000,2990.6000,1353.0000,2023-07-17T14:59:49.073038,1635.0000,160,1620.75,19326.26
168,2023-07-17,4955,MKLB,Manakamana Smart Laghubitta Bittiya Sanstha Limited,771.8000,771.8000,739.0000,769.6000,867,650203.3000,756.9000,1199.0000,598.1000,2023-07-17T14:59:44.075819,769.6000,28,749.94,1142.69
169,2023-07-17,2843,SABSL,Sabaiko Laghubitta Bittiya Sanstha Limited,730.0000,749.0000,729.5000,749.0000,572,425034.4000,730.0000,1200.0000,566.0000,2023-07-17T14:59:21.120267,749.0000,17,743.06,2386.31
170,2023-07-17,2860,SAPDBL,Saptakoshi Development Bank Ltd,253.1000,265.0000,253.1000,265.0000,12688,3328285.7000,258.0000,305.0000,202.0000,2023-07-17T14:58:59.208283,265.0000,78,262.31,2211.00
171,2023-07-17,2867,NMB50,NMB 50,10.5100,10.6000,10.5100,10.6000,2800,29497.0000,10.5000,13.1000,8.2800,2023-07-17T14:50:34.331418,10.6000,5,10.53,1325.00
172,2023-07-17,2881,NRIC,Nepal Reinsurance Company Limited,740.0000,756.0000,740.0000,751.0000,19000,14272550.5000,740.0000,927.0000,565.0000,2023-07-17T14:59:59.987204,751.0000,249,751.18,96229.71
173,2023-07-17,2896,SDLBSL,Sadhana Laghubitta Bittiya Sanstha Limited,732.0000,745.0000,730.0000,744.0000,469,344990.2000,741.0000,1190.0000,596.0000,2023-07-17T14:59:57.985195,744.0000,22,735.58,2844.00
174,2023-07-17,2898,NRN,NRN Infrastructure and Development Limited,510.0000,525.0000,501.0000,521.0000,22151,11416405.2000,513.0000,580.0000,385.0000,2023-07-17T14:59:59.697122,521.0000,182,515.39,6372.93
175,2023-07-17,2903,LEC,Liberty Energy Company Limited,240.6000,248.9000,240.6000,247.9000,6130,1508679.0000,244.5000,318.0000,203.8000,2023-07-17T14:57:07.920967,247.9000,76,246.11,3718.50
176,2023-07-17,2908,SGIC,Sanima GIC Insurance Limited,650.0000,664.0000,641.0000,664.0000,12171,8003786.4000,649.9000,710.9000,365.0000,2023-07-17T14:59:54.495811,664.0000,251,657.61,13280.00
177,2023-07-17,2912,SBLD84,8.5% SBL Debenture 2084,862.4000,862.4000,862.4000,862.4000,15,12936.0000,880.0000,880.0000,774.2000,2023-07-17T14:59:37.257059,862.4000,1,862.40,
178,2023-07-17,2913,MEN,Mountain Energy Nepal Limited,975.1000,1029.0000,957.1000,1012.0000,4546,4548937.5000,995.0000,1040.0000,692.0000,2023-07-17T14:58:57.983467,1012.0000,108,1000.64,19916.43
179,2023-07-17,2917,CGH,Chandragiri Hills Limited,1256.0000,1327.0000,1254.4000,1326.0000,9009,11812427.4000,1280.0000,1487.0000,940.0000,2023-07-17T14:59:25.927911,1326.0000,146,1311.18,20342.05
180,2023-07-17,2919,NIFRA,Nepal Infrastructure Bank Limited,225.0000,230.0000,223.5000,228.1000,201462,45696295.3000,224.0000,269.2000,176.9000,2023-07-17T14:59:54.190293,228.1000,960,226.82,49269.60
181,2023-07-17,2923,SLCF,Sanima Large Cap Fund,8.7500,8.7500,8.3600,8.3600,1100,9364.0000,8.9200,9.5000,6.9000,2023-07-17T14:59:14.723751,8.3600,7,8.51,1003.20
182,2023-07-17,2933,KEF,Kumari Equity Fund,10.3500,10.3500,10.3500,10.3500,400,4140.0000,10.1700,10.3500,7.6200,2023-07-17T11:01:20.871089,10.3500,1,10.35,1035.00
183,2023-07-17,2934,SHEL,Singati Hydro Energy Limited,275.0000,284.0000,275.0000,283.0000,3388,946861.5000,280.0000,403.9000,210.0000,2023-07-17T14:59:56.389636,283.0000,78,279.47,4103.50
184,2023-07-17,2935,RURU,Ru Ru Jalbidhyut Pariyojana Limited,793.5000,795.0000,778.0000,784.0000,636,501494.0000,778.1000,1133.8000,665.1000,2023-07-17T14:44:22.696665,784.0000,19,788.51,3867.66
185,2023-07-17,3946,CHDC,CEDB Hydropower Development Company Limited,904.0000,928.0000,894.1000,928.0000,8725,7951429.7000,904.0000,954.0000,590.0000,2023-07-17T14:59:57.891449,928.0000,220,911.33,7789.72
186,2023-07-17,4947,PSF,Prabhu Select Fund,9.0200,9.1000,8.9200,9.0000,63880,573921.1000,8.8500,9.8300,7.3100,2023-07-17T14:59:26.161843,9.0000,35,8.98,1125.00
187,2023-07-17,4949,NIBSF2,NIBL Samriddhi Fund -2,8.9300,8.9300,8.7600,8.9200,1214,10816.8800,9.1100,9.4900,6.7400,2023-07-17T14:08:37.786008,8.9200,3,8.91,1338.00
188,2023-07-17,4965,SAMAJ,Samaj Laghubittya Bittiya Sanstha Limited,72.1000,72.1000,72.1000,72.1000,21,1525.1000,0.0000,72.1000,72.1000,2023-07-17T11:19:53.914627,72.1000,5,72.62,14.42
189,2023-07-17,4967,NICSF,NIC Asia Select Fund 30,8.8200,9.0000,8.8200,8.8700,8230,72921.0000,8.9900,9.0000,7.4000,2023-07-17T14:58:43.298212,8.8700,18,8.86,1108.75
190,2023-07-17,4968,RMF1,RBB Mutual Fund 1,8.0800,8.1000,7.9200,8.1000,264500,2136642.4400,8.0800,8.8700,7.0400,2023-07-17T14:55:18.101047,8.1000,13,8.07,1012.50
191,2023-07-17,5982,SRLI,Sanima Reliance Life Insurance Limited,550.0000,575.0000,548.0000,570.2000,35502,20135864.8000,556.0000,619.9000,311.5000,2023-07-17T14:59:59.605073,570.2000,595,567.17,23857.17
192,2023-07-17,8023,MMF1,Mega Mutual Fund -1,7.8400,7.9700,7.2300,7.6200,64476,477174.0000,7.9900,8.6500,6.6500,2023-07-17T14:55:51.286558,7.6200,43,7.40,952.50
193,2023-07-17,8025,SPC,Samling Power Company Limited,396.2000,417.0000,395.5000,408.0000,940,385481.0000,403.5000,664.0000,362.0000,2023-07-17T14:59:59.288577,408.0000,51,410.08,2040.00
194,2023-07-17,8032,BNHC,Buddha Bhumi Nepal Hydropower Company Limited,335.0000,341.5000,326.9000,339.0000,2941,980912.4000,335.0000,484.7000,312.0000,2023-07-17T14:59:28.407278,339.0000,46,333.53,1356.00
195,2023-07-17,8045,GVL,Green Ventures Limited,390.0000,412.0000,384.1000,412.0000,16228,6520891.8000,385.0000,511.0000,272.0000,2023-07-17T14:59:52.856668,412.0000,262,401.82,12875.00
196,2023-07-17,8055,BHL,Balephi Hydropower Limited,260.0000,265.0000,250.3000,264.9000,1820,471548.0000,260.0000,397.0000,225.4000,2023-07-17T14:59:57.533588,264.9000,101,259.09,4842.29
197,2023-07-17,4961,BOKD86,8.5% BOK Debenture 2086,842.3000,842.3000,809.0000,809.0000,50,40959.0000,859.4000,859.4000,738.5000,2023-07-17T13:51:04.080165,809.0000,5,819.18,1294.40
198,2023-07-17,4963,NMBD87/88,NMB Debenture 8.50% - 2087/88,789.8000,789.8000,789.8000,789.8000,15,11847.0000,805.9000,1000.0000,747.1000,2023-07-17T14:54:07.168061,789.8000,1,789.80,
199,2023-07-17,8005,MKJC,Mailung Khola Jal Vidhyut Company Limited,384.2000,397.0000,376.6000,382.1000,1318,507375.2000,392.0000,582.4000,354.0000,2023-07-17T14:58:35.170703,382.1000,25,384.95,1406.67
200,2023-07-17,8018,MLBS,Manushi Laghubitta Bittiya Sanstha Limited,778.0000,803.7000,778.0000,791.1000,625,497798.5000,788.0000,1350.3000,630.0000,2023-07-17T14:57:45.579108,791.1000,24,796.47,865.27
201,2023-07-17,8021,SAHAS,Sahas Urja Limited,476.0000,491.0000,476.0000,491.0000,7467,3643148.0000,483.9000,616.0000,402.0000,2023-07-17T14:59:43.317385,491.0000,247,487.89,17185.00
202,2023-07-17,8022,TPC,Terhathum Power Company Limited,370.0000,377.0000,358.0000,370.0000,2338,853619.0000,363.0000,553.0000,303.9000,2023-07-17T14:59:55.531663,370.0000,44,365.10,1480.00
203,2023-07-17,8024,NBF3,Nabil Balanced Fund-3,7.5500,7.7200,7.4200,7.6900,54020,410022.9000,7.5700,9.1000,7.0000,2023-07-17T14:55:04.468240,7.6900,48,7.59,961.25
204,2023-07-17,8026,NYADI,Nyadi Hydropower Limited,260.0000,268.7000,260.0000,268.7000,2159,570204.0000,261.1000,400.0000,250.1000,2023-07-17T14:59:45.332920,268.7000,108,264.10,4030.50
205,2023-07-17,8027,NBLD85,Nabil Debenture 2085,826.2000,843.0000,826.2000,843.0000,360,301970.5000,843.0000,860.0000,730.0000,2023-07-17T14:58:23.499464,843.0000,7,838.80,
206,2023-07-17,8031,MBJC,Madhya Bhotekoshi Jalavidyut Company Limited,294.0000,309.3000,293.1000,307.0000,16936,5153521.8000,295.1000,363.0000,197.0000,2023-07-17T14:59:51.127726,307.0000,484,304.29,18420.00
207,2023-07-17,8034,ENL,Emerging Nepal Limited,683.1000,715.0000,682.1000,715.0000,1171,828066.0000,696.0000,869.0000,535.0000,2023-07-17T14:59:40.899284,715.0000,61,707.14,3972.54
208,2023-07-17,8038,JALPA,Jalpa Samudayik Laghubitta Bittiya Sanstha Limited,1585.0000,1625.0000,1585.0000,1625.0000,1423,2295916.0000,1615.1000,3770.0000,1425.0000,2023-07-17T14:59:59.013628,1625.0000,40,1613.43,2970.50
209,2023-07-17,8041,NESDO,NESDO Sambridha Laghubitta Bittiya Sanstha Limited,2079.9000,2089.0000,2051.0000,2089.0000,3284,6791800.3000,2044.0000,3759.0000,1892.1000,2023-07-17T14:59:28.558456,2089.0000,95,2068.14,5326.95
210,2023-07-17,8063,ULBSL,Upakar Laghubitta Bittiya Sanstha Limited,1385.0000,1407.9000,1370.0000,1400.0000,389,545223.8000,1382.2000,3951.4000,1225.0000,2023-07-17T14:43:35.933106,1400.0000,23,1401.60,1486.07
211,2023-07-17,8065,CYCL,CYC Nepal Laghubitta Bittiya Sanstha Limited,1381.8000,1520.0000,1366.1000,1510.0000,10089,14444482.4000,1410.0000,2734.8000,1168.0000,2023-07-17T14:59:55.702464,1510.0000,288,1431.70,4023.01
212,2023-07-17,8070,DORDI,Dordi Khola Jal Bidyut Company Limited,240.1000,249.9000,237.1000,249.9000,4047,994483.0000,245.0000,408.0000,217.0000,2023-07-17T14:59:59.463066,249.9000,114,245.73,2634.60
213,2023-07-17,8075,BHDC,Bindhyabasini Hydropower Development Company Limited,389.9000,389.9000,371.0000,383.0000,5213,1995354.0000,390.0000,520.0000,310.0000,2023-07-17T14:59:49.151169,383.0000,78,382.76,4021.50
214,2023-07-17,8076,HHL,Himalayan Hydropower Limited,253.9000,257.0000,249.1000,255.0000,6900,1756027.0000,249.0000,362.1000,202.0000,2023-07-17T14:59:17.331937,255.0000,163,254.49,2792.25
215,2023-07-17,8104,USHEC,Upper Solu Hydro Electric Company Limited,252.0000,263.0000,251.0000,263.0000,2375,614368.0000,256.8000,431.9000,237.0000,2023-07-17T14:59:36.410590,263.0000,142,258.68,3550.50
216,2023-07-17,8111,HIDCLP,Hydorelectricity Investment and Development Company Limited Promoter,101.8000,105.5000,101.8000,104.2000,53385,5538291.8000,102.8000,126.4000,95.0000,2023-07-17T14:59:59.535929,104.2000,110,103.74,10.42
217,2023-07-17,8121,SPHL,Sayapatri Hydropower Limited,357.7000,379.0000,351.1000,375.0000,1820,665185.0000,365.0000,520.2000,194.8000,2023-07-17T14:59:57.626427,375.0000,71,365.48,337.50
218,2023-07-17,8125,NSIF2,NMB Sulav Investment Fund - 2,9.9900,9.9900,9.8000,9.9900,255500,2551475.0000,9.9900,10.0000,7.3100,2023-07-17T14:56:10.597531,9.9900,18,9.98,1219.78
219,2023-07-17,8126,SIKLES,Sikles Hydropower Limited,380.0000,402.0000,380.0000,402.0000,2630,1029579.0000,387.0000,510.0000,315.5000,2023-07-17T14:46:30.456257,402.0000,94,391.47,3417.00
220,2023-07-17,8132,SHLB,Shrijanshil Laghubitta Bittiya Sanstha Limited,1166.0000,1305.7000,1163.3000,1279.6000,2562,3060873.0000,1187.0000,2485.2000,906.0000,2023-07-17T14:59:52.541982,1279.6000,100,1194.72,1399.56
221,2023-07-17,8133,PHCL,Peoples Hydropower Company Limited,328.3000,329.9000,321.8000,325.0000,17220,5617222.0000,335.0000,416.1000,196.9000,2023-07-17T14:59:37.399783,325.0000,396,326.20,10400.00
222,2023-07-17,9135,BHPL,Barahi Hydropower Public Limited,462.0000,463.5000,445.9000,460.0000,2268,1033127.0000,454.5000,677.2000,194.3000,2023-07-17T14:59:58.592634,460.0000,61,455.52,1150.00
223,2023-07-17,9139,SAGF,Sanima Growth Fund,9.8000,9.8000,9.2400,9.2400,1755,16327.2000,9.9900,10.0000,7.2000,2023-07-17T14:49:21.454074,9.2400,8,9.30,621.42
224,2023-07-17,9140,UNLB,Unique Nepal Laghubitta Bittiya Sanstha Limited,1292.0000,1340.0000,1292.0000,1330.0000,1325,1754525.2000,1318.0000,2135.1000,989.4000,2023-07-17T14:55:20.901909,1330.0000,124,1324.16,1976.05
225,2023-07-17,8066,RFPL,River Falls Power Limited,245.0000,261.0000,242.4000,259.0000,9805,2501299.0000,250.0000,325.0000,204.5000,2023-07-17T14:59:59.068833,259.0000,245,255.10,1813.00
226,2023-07-17,8074,KDBY,Kumari Dhanabriddhi Yojana,9.8400,9.8400,9.0300,9.2000,14000,128358.5000,10.0400,10.4300,7.4600,2023-07-17T14:57:25.734862,9.2000,70,9.16,36.80
227,2023-07-17,8097,PBD88,10% Prime Debenture 2088,931.0000,931.0000,895.0000,912.0000,455,410047.5000,950.0000,1000.0000,790.1000,2023-07-17T13:45:29.360206,912.0000,8,901.20,
228,2023-07-17,8099,UHEWA,Upper Hewakhola Hydropower Company Limited,303.0000,309.0000,296.0000,308.0000,4800,1460342.0000,297.7000,481.0000,130.2000,2023-07-17T14:58:47.608896,308.0000,104,304.23,1540.00
229,2023-07-17,8100,SGHC,Swet-Ganga Hydropower & Construction Limited ,262.0000,280.0000,258.0000,267.0000,6305,1697235.0000,262.7000,411.6000,202.1000,2023-07-17T14:59:45.172487,267.0000,168,269.18,4253.31
230,2023-07-17,8102,MHL,Mandakini Hydropower Limited,299.0000,312.3000,298.1000,311.0000,3350,1027797.0000,303.0000,436.0000,237.3000,2023-07-17T14:59:56.262361,311.0000,87,306.80,1828.79
231,2023-07-17,8106,GIBF1,Global IME Balanced Fund-1,9.1600,9.1600,8.9000,9.0700,2050,18457.0000,9.3400,10.0000,7.5000,2023-07-17T14:49:38.141099,9.0700,15,9.00,930.37
232,2023-07-17,8108,RHGCL,Rapti Hydro And General Construction Limited,242.1000,250.0000,233.0000,249.0000,11362,2755216.7000,247.0000,406.0000,191.6000,2023-07-17T14:59:59.908762,249.0000,208,242.49,1525.86
233,2023-07-17,8117,AVYAN,Aviyan Laghubitta Bittiya Sanstha Limited,712.9000,768.0000,687.0000,768.0000,22269,15977231.7000,699.0000,963.0000,316.0000,2023-07-17T14:59:57.539280,768.0000,316,717.46,1920.00
234,2023-07-17,8122,PPL,People's Power Limited,245.0000,256.9000,240.2000,256.9000,5150,1279669.0000,249.0000,336.0000,190.0000,2023-07-17T14:59:57.437723,256.9000,273,248.47,1625.15
235,2023-07-17,8131,EHPL,Eastern Hydropower Limited,304.8000,330.0000,304.8000,316.7000,4692,1511434.9000,311.0000,508.0000,216.0000,2023-07-17T14:59:56.994191,316.7000,88,322.13,1963.54
236,2023-07-17,9147,SPL,Shuvam Power Limited,793.8000,810.0000,778.0000,810.0000,4029,3219991.0000,810.0000,814.8000,265.0000,2023-07-17T14:59:59.078998,810.0000,152,799.20,1620.00
237,2023-07-17,9150,AHL,Asian Hydropower Limited,330.0000,349.7000,326.3000,340.0000,2580,871951.0000,330.0000,480.9000,298.8000,2023-07-17T14:59:43.444699,340.0000,135,337.96,1156.00
238,2023-07-17,9151,KDL,Kalinchowk Darshan Limited,915.4000,975.0000,915.4000,962.1000,9569,9190921.0000,934.0000,1102.0000,134.4000,2023-07-17T14:59:57.526417,962.1000,284,960.48,5772.60
239,2023-07-17,9156,TAMOR,Sanima Middle Tamor Hydropower Limited,281.0000,293.0000,281.0000,289.0000,14446,4154878.7000,285.0000,342.0000,255.0000,2023-07-17T14:59:58.435850,289.0000,635,287.61,9630.92
240,2023-07-17,9159,SMJC,Sagarmatha Jalabidhyut Company Limited,254.0000,257.1000,247.0000,254.0000,13214,3343087.0000,250.0000,367.4000,233.2000,2023-07-17T14:59:57.543007,254.0000,656,252.99,2844.80
241,2023-07-17,9161,ANLB,Aatmanirbhar Laghubitta Bittiya Sanstha Limited,2350.0000,2405.0000,2350.0000,2390.1000,1533,3667047.0000,2363.9000,2651.0000,403.8000,2023-07-17T14:58:29.213782,2390.1000,92,2392.07,1489.94
242,2023-07-17,9170,DOLTI,Dolti Power Company Limited,232.5000,233.0000,221.8000,231.0000,8295,1892788.5000,228.0000,311.0000,221.8000,2023-07-17T14:59:50.085886,231.0000,316,228.18,1239.28
243,2023-07-17,9171,BEDC,Bhugol Energy Development Company Limited,228.0000,238.7000,224.6000,235.0000,5512,1274761.0000,232.2000,326.3000,202.8000,2023-07-17T14:59:56.564334,235.0000,386,231.27,1278.53
244,2023-07-17,9173,CITY,City Hotel Limited,680.0000,701.7000,675.2000,694.0000,27694,19195434.2000,680.1000,744.0000,111.1000,2023-07-17T14:59:40.620052,694.0000,1207,693.12,11617.56
245,2023-07-17,9174,PRSF,Prabhu Smart Fund,9.7100,9.9000,9.7100,9.7100,312800,3094326.0000,9.9000,10.0600,7.7800,2023-07-17T11:38:44.378326,9.7100,5,9.89,971.00
246,2023-07-17,9181,RAWA,Rawa Energy Development Limited,346.2000,358.0000,346.2000,354.0000,8094,2864496.0000,353.2000,415.0000,249.3000,2023-07-17T14:59:43.716918,354.0000,494,353.90,991.20
247,2023-07-17,9146,SMHL,Super Madi Hydropower Limited,413.6000,413.6000,390.0000,412.0000,5015,2006679.0000,422.0000,506.0000,299.0000,2023-07-17T14:59:58.059057,412.0000,178,400.13,8652.00
248,2023-07-17,9148,SMH,Super Mai Hydropower Limited,554.0000,570.0000,550.0000,570.0000,1545,867739.0000,564.8000,629.6000,391.0000,2023-07-17T14:59:49.791875,570.0000,88,561.64,2850.00
249,2023-07-17,9149,MKHC,Maya Khola Hydropower Company Limited,237.9000,241.0000,226.5000,240.0000,3882,905911.6000,233.5000,367.5000,217.0000,2023-07-17T14:59:26.164755,240.0000,269,233.36,2400.00
250,2023-07-17,9154,SFEF,Sunrise Focused Equity Fund,9.6800,9.6800,9.1500,9.6800,101999,986878.8500,9.6800,10.0000,7.3500,2023-07-17T14:51:52.320153,9.6800,18,9.67,968.00
251,2023-07-17,9158,MHCL,Molung Hydropower Company Limited,205.6000,218.2000,205.6000,214.0000,7510,1586746.0000,209.4000,274.4000,141.0000,2023-07-17T14:59:47.254871,214.0000,397,211.28,1717.35
252,2023-07-17,9163,BPW,BPW Laghubitta Bittiya Sanstha Limited,1116.0000,1232.0000,1116.0000,1232.0000,2003,2413997.1000,1120.0000,1710.0000,233.1000,2023-07-17T14:56:46.956151,1232.0000,89,1205.19,369.60
253,2023-07-17,9166,MAKAR,Makar Jitumaya Suri Hydropower Limited,269.0000,282.0000,269.0000,280.0000,5012,1370765.0000,273.1000,351.0000,230.0000,2023-07-17T14:59:53.310623,280.0000,287,273.49,2128.00
254,2023-07-17,9167,MKHL,Mai Khola Hydropower Limited,271.4000,287.5000,271.4000,287.5000,7159,2018344.6000,276.1000,335.0000,268.1000,2023-07-17T14:59:59.634745,287.5000,320,281.93,1127.45
255,2023-07-17,9175,MCHL,Menchhiyam Hydropower Limited,221.6000,234.4000,221.6000,229.5000,5821,1328198.5000,226.0000,297.8000,220.3000,2023-07-17T14:59:58.271044,229.5000,337,228.17,1245.23
256,2023-07-17,9176,IHL,Ingwa Hydropower Limited,252.0000,264.3000,247.2000,264.3000,7738,1987262.0000,257.0000,352.9000,246.2000,2023-07-17T14:59:52.863568,264.3000,363,256.81,1585.80
257,2023-07-17,9179,MEL,Modi Energy Limited,206.0000,214.0000,204.1000,211.5000,49975,10524173.0000,207.5000,275.4000,197.9000,2023-07-17T14:59:55.316867,211.5000,3169,210.58,6133.50
